{
    "start_date": 240801,
    "end_date": 240805,
    "broker_details": {
        "broker": "BROKER.PAPER"
    },
    "exchange": "EXCHANGE.NSE",
    "order_type": "ORDERTYPE.MARKET",
    "product_type": "PRODUCTTYPE.NRML",
    "fix_vix": 0,
    "check_interval": 60,
    "feed_source": "FEEDSOURCE.HISTORICAL",
    "portfolio": {
        "id": 0,
        "name": "P1",
        "stop_loss": {
            "type": "NUMBERTYPE.POINT",
            "value": -0.0,
            "params": {
                "check_frequency": 60
            }
        },
        "take_profit": {
            "type": "NUMBERTYPE.POINT",
            "value": 0.0,
            "params": {
                "check_frequency": 60
            }
        },
        "trailing_stop_loss": {
            "profit_move": {
                "type": "NUMBERTYPE.POINT",
                "value": 0
            },
            "stop_loss_move": {
                "type": "NUMBERTYPE.POINT",
                "value": 0
            }
        },
        "lock_and_trail": {
            "lock": 0,
            "trail": 0
        },
        "strategies": [
            {
                "index_base_price": 0,
                "name": "ORB",
                "evaluator": "Orb",
                "type": "STRATEGYTYPE.INTRADAY",
                "index": "NSEINDEX.BANKNIFTY",
                "underlying": "UNDERLYINGTYPE.CASH",
                "indicator_candle_based_on": "option",
                "place_order_after": 33600,
                "entry_time": 33600,
                "exit_time": 54900,
                "tv_expiry_day_exit_time": 54900,
                "pnl_calculation_from": "HIGH/LOW",
                "multiplier": 1,
                "stop_loss": {
                    "type": "NUMBERTYPE.POINT",
                    "value": -0.0,
                    "params": {
                        "check_frequency": 60
                    }
                },
                "take_profit": {
                    "type": "NUMBERTYPE.POINT",
                    "value": 0.0,
                    "params": {
                        "check_frequency": 60
                    }
                },
                "exit_price": {
                    "take_profit_based_on": "CLOSE",
                    "trade_file_exit_price_on_take_profit": "TICK",
                    "stop_loss_based_on": "CLOSE",
                    "trade_file_exit_price_on_stop_loss": "TICK",
                    "trade_file_exit_price_on_trigger": "TICK"
                },
                "stop_loss_reentry": {
                    "type": "REENTRYTYPE.IMMIDIATE",
                    "value": {
                        "count": 0,
                        "cutoff_time": 55800,
                        "check_frequency": 60,
                        "cool_off_time": 60
                    }
                },
                "take_profit_reentry": {
                    "type": "REENTRYTYPE.IMMIDIATE",
                    "value": {
                        "count": 0,
                        "cutoff_time": 55800,
                        "check_frequency": 60,
                        "cool_off_time": 60
                    }
                },
                "trailing_stop_loss": {
                    "profit_move": {
                        "type": "NUMBERTYPE.POINT",
                        "value": 0.0
                    },
                    "stop_loss_move": {
                        "type": "NUMBERTYPE.POINT",
                        "value": 0.0
                    }
                },
                "lock_and_trail": {
                    "lock": 0.0,
                    "trail": 0.0
                },
                "move_sl_to_cost": "False",
                "legs": [
                    {
                        "id": "A1",
                        "option_type": "OPTIONTYPE.PUT",
                        "side": "SIDE.SELL",
                        "expiry_type": "EXPIRYTYPE.WEEKLY",
                        "waitin": {
                            "type": "NUMBERTYPE.PERCENTAGE",
                            "value": -0.0
                        },
                        "strike_selection": {
                            "type": "STRIKESELECTIONTYPE.BY_ATM_STRIKE",
                            "value": 0.0
                        },
                        "stop_loss_reentry": {
                            "type": "REENTRYTYPE.RE_COST",
                            "value": {
                                "count": 0.0,
                                "cutoff_time": 54900,
                                "check_frequency": 60,
                                "cool_off_time": 60
                            }
                        },
                        "take_profit_reentry": {
                            "type": "REENTRYTYPE.IMMIDIATE_NC",
                            "value": {
                                "count": 0.0,
                                "cutoff_time": 54900,
                                "check_frequency": 60,
                                "cool_off_time": 60
                            }
                        },
                        "triggered_reentry": {
                            "type": "REENTRYTYPE.IMMIDIATE_NC",
                            "value": {
                                "count": 0.0,
                                "cutoff_time": 54900,
                                "check_frequency": 60,
                                "cool_off_time": 60
                            }
                        },
                        "stop_loss": {
                            "type": "NUMBERTYPE.PERCENTAGE",
                            "value": 30.0,
                            "params": {
                                "check_frequency": 60
                            }
                        },
                        "take_profit": {
                            "type": "NUMBERTYPE.PERCENTAGE",
                            "value": 0.0,
                            "params": {
                                "check_frequency": 60
                            }
                        },
                        "trailing_stop_loss": {
                            "profit_move": {
                                "type": "NUMBERTYPE.PERCENTAGE",
                                "value": 1.0
                            },
                            "stop_loss_move": {
                                "type": "NUMBERTYPE.PERCENTAGE",
                                "value": 1.0
                            }
                        },
                        "quantity": 15,
                        "multiplier": 326,
                        "recost_cascade": "True",
                        "recost_entry_on_crossover": "False",
                        "hedge_pnl_effect": "True",
                        "next_expiry_select": "False",
                        "hedge": {
                            "option_type": "OPTIONTYPE.PUT",
                            "side": "SIDE.BUY",
                            "expiry_type": "EXPIRYTYPE.WEEKLY",
                            "strike_selection": {
                                "type": "STRIKESELECTIONTYPE.BY_CLOSEST_PREMIUM",
                                "value": 20.0
                            },
                            "next_expiry_select": "False"
                        },
                        "orb": {
                            "wait_till": 37800,
                            "entry_on": "ORBBREAKOUTTYPE.LOWBREAKOUT"
                        },
                        "is_idle": "False",
                        "on_entry": {
                            "execute": [], "squareoff": [], "squareoffall": []
                        },
                        "on_exit": {
                            "execute": [], "squareoff": [], "squareoffall": []
                        }
                    }
                ]
            }
        ]
    }
}